{
  "linear": {
    "best_sigma_calendar": 20.0,
    "r": 0.6931042079125302,
    "p": 0.03398300849575212
  },
  "warp": {
    "best_params": {
      "t_star": 33.0,
      "a": 0.5,
      "k": 0.004,
      "B": 1.6,
      "p": 0.8,
      "c": 10.0,
      "sigma_tau": 25.0
    },
    "r": 0.7678223968594794,
    "p": 0.006496751624187906
  },
  "delta_r": 0.07471818894694915
}
