{
  "linear": {
    "best_sigma_calendar": 20.0,
    "r": 0.7758698759640019,
    "p": 0.010494752623688156
  },
  "warp": {
    "best_params": {
      "t_star": 33.0,
      "a": 2.0,
      "k": 0.004,
      "B": 1.6,
      "p": 0.8,
      "c": 10.0,
      "sigma_tau": 20.0
    },
    "r": 0.9580068786743896,
    "p": 0.010994502748625687
  },
  "delta_r": 0.18213700271038769
}